{
    "0": {
        "precision": 0.8571428571428571,
        "recall": 0.5,
        "f1-score": 0.631578947368421,
        "support": 12.0
    },
    "1": {
        "precision": 0.8775510204081632,
        "recall": 0.9772727272727273,
        "f1-score": 0.9247311827956989,
        "support": 44.0
    },
    "accuracy": 0.875,
    "macro avg": {
        "precision": 0.8673469387755102,
        "recall": 0.7386363636363636,
        "f1-score": 0.7781550650820599,
        "support": 56.0
    },
    "weighted avg": {
        "precision": 0.8731778425655976,
        "recall": 0.875,
        "f1-score": 0.8619128466327108,
        "support": 56.0
    }
}